epoch,loss,tiempo_s
1,12.658522,0.3145
2,7.981019,0.0121
3,7.453580,0.0101
4,7.212671,0.0104
5,7.061023,0.0109
6,6.949661,0.0116
7,6.862213,0.0121
8,6.793041,0.0122
9,6.733879,0.0115
10,6.682073,0.0100
11,6.637082,0.0098
12,6.595405,0.0096
13,6.558224,0.0088
14,6.524471,0.0090
15,6.491775,0.0096
16,6.462675,0.0103
17,6.434562,0.0109
18,6.409742,0.0116
19,6.384862,0.0115
20,6.361417,0.0115
21,6.340216,0.0115
22,6.318366,0.0117
23,6.299314,0.0121
24,6.279061,0.0102
25,6.261639,0.0099
26,6.244177,0.0111
27,6.228060,0.0116
28,6.211397,0.0121
29,6.195787,0.0120
30,6.181239,0.0115
31,6.166402,0.0116
32,6.152311,0.0121
33,6.138507,0.0121
34,6.126334,0.0121
35,6.113585,0.0120
36,6.101167,0.0115
37,6.089730,0.0116
38,6.078290,0.0121
39,6.066916,0.0121
40,6.055438,0.0121
41,6.045441,0.0120
42,6.034468,0.0115
43,6.024817,0.0117
44,6.015469,0.0121
45,6.004858,0.0121
46,5.997006,0.0122
47,5.987680,0.0120
48,5.977955,0.0102
49,5.968766,0.0098
50,5.960727,0.0094
51,5.952459,0.0094
52,5.944199,0.0097
53,5.935651,0.0108
54,5.928763,0.0112
55,5.919381,0.0115
56,5.912117,0.0115
57,5.905248,0.0117
58,5.896620,0.0121
59,5.889492,0.0121
60,5.881976,0.0121
61,5.874837,0.0121
62,5.867908,0.0116
63,5.861929,0.0117
64,5.855373,0.0121
65,5.847778,0.0121
66,5.841321,0.0121
67,5.834404,0.0120
68,5.827420,0.0116
69,5.821171,0.0117
70,5.813774,0.0122
71,5.808332,0.0122
72,5.801195,0.0121
73,5.795584,0.0120
74,5.789274,0.0116
75,5.783423,0.0118
76,5.778517,0.0108
77,5.772419,0.0098
78,5.766719,0.0101
79,5.760911,0.0104
80,5.755110,0.0109
81,5.748201,0.0117
82,5.743283,0.0122
83,5.738224,0.0120
84,5.732159,0.0115
85,5.726090,0.0116
86,5.721032,0.0117
87,5.715290,0.0121
88,5.709011,0.0121
89,5.703830,0.0121
90,5.697137,0.0120
91,5.692374,0.0116
92,5.686655,0.0117
93,5.680789,0.0122
94,5.675238,0.0122
95,5.669846,0.0121
96,5.665645,0.0121
97,5.658818,0.0115
98,5.653921,0.0117
99,5.649128,0.0122
100,5.642548,0.0122
101,5.637814,0.0122
102,5.632525,0.0122
103,5.627240,0.0116
104,5.622121,0.0118
105,5.616272,0.0122
106,5.611585,0.0122
107,5.605731,0.0122
108,5.600554,0.0121
109,5.594765,0.0116
110,5.589596,0.0118
111,5.584061,0.0122
112,5.578831,0.0122
113,5.573271,0.0120
114,5.568090,0.0116
115,5.562639,0.0116
116,5.557953,0.0118
117,5.551530,0.0122
118,5.547459,0.0122
119,5.541494,0.0121
120,5.536403,0.0117
121,5.530392,0.0116
122,5.526476,0.0118
123,5.520613,0.0122
124,5.515205,0.0122
125,5.509739,0.0166
126,5.503458,0.0113
127,5.498181,0.0122
128,5.494435,0.0122
129,5.488990,0.0122
130,5.483264,0.0116
131,5.476374,0.0117
132,5.472685,0.0123
133,5.467525,0.0122
134,5.461625,0.0122
135,5.455472,0.0121
136,5.450246,0.0117
137,5.444509,0.0118
138,5.438865,0.0122
139,5.433948,0.0122
140,5.428546,0.0121
141,5.422502,0.0117
142,5.417525,0.0116
143,5.411828,0.0118
144,5.406702,0.0122
145,5.401810,0.0122
146,5.396175,0.0121
147,5.391086,0.0116
148,5.384747,0.0116
149,5.379389,0.0118
150,5.373671,0.0122
151,5.368698,0.0122
152,5.362727,0.0123
153,5.357831,0.0122
154,5.351348,0.0117
155,5.345962,0.0118
156,5.341509,0.0123
157,5.335086,0.0123
158,5.328825,0.0122
159,5.322947,0.0117
160,5.317745,0.0118
161,5.312684,0.0123
162,5.307289,0.0123
163,5.302369,0.0121
164,5.296710,0.0116
165,5.290872,0.0117
166,5.285418,0.0119
167,5.279533,0.0123
168,5.273508,0.0123
169,5.267966,0.0121
170,5.262358,0.0117
171,5.256840,0.0117
172,5.250508,0.0118
173,5.245696,0.0123
174,5.240066,0.0123
175,5.234756,0.0121
176,5.228982,0.0117
177,5.223078,0.0119
178,5.216172,0.0123
179,5.209260,0.0123
180,5.203882,0.0122
181,5.197667,0.0117
182,5.193269,0.0117
183,5.187894,0.0119
184,5.182382,0.0123
185,5.176705,0.0123
186,5.170542,0.0122
187,5.165064,0.0117
188,5.158024,0.0117
189,5.152461,0.0118
190,5.147153,0.0123
191,5.140972,0.0123
192,5.134885,0.0122
193,5.129159,0.0117
194,5.123317,0.0119
195,5.116531,0.0123
196,5.110424,0.0123
197,5.103941,0.0122
198,5.098127,0.0118
199,5.092543,0.0117
200,5.085169,0.0119
201,5.079990,0.0122
202,5.074029,0.0117
203,5.067202,0.0117
204,5.062165,0.0119
205,5.055831,0.0122
206,5.049642,0.0123
207,5.043492,0.0121
208,5.038708,0.0117
209,5.032597,0.0117
210,5.025997,0.0121
211,5.019898,0.0123
212,5.014226,0.0123
213,5.007371,0.0122
214,5.000641,0.0118
215,4.995354,0.0119
216,4.988059,0.0123
217,4.982111,0.0123
218,4.975649,0.0123
219,4.969537,0.0122
220,4.962335,0.0117
221,4.956769,0.0119
222,4.950503,0.0123
223,4.944446,0.0123
224,4.937438,0.0122
225,4.931682,0.0118
226,4.925898,0.0118
227,4.919133,0.0119
228,4.912779,0.0123
229,4.905461,0.0123
230,4.898734,0.0123
231,4.892942,0.0117
232,4.886152,0.0119
233,4.879159,0.0125
234,4.872341,0.0123
235,4.866665,0.0122
236,4.859910,0.0118
237,4.853521,0.0118
238,4.847626,0.0120
239,4.839359,0.0124
240,4.833527,0.0124
241,4.827228,0.0122
242,4.819573,0.0136
243,4.812397,0.0120
244,4.806771,0.0123
245,4.799932,0.0123
246,4.793035,0.0119
247,4.786414,0.0118
248,4.780865,0.0120
249,4.774055,0.0123
250,4.768000,0.0124
251,4.761236,0.0122
252,4.754907,0.0119
253,4.749678,0.0118
254,4.741169,0.0120
255,4.735148,0.0124
256,4.728546,0.0124
257,4.721058,0.0123
258,4.713688,0.0118
259,4.707325,0.0120
260,4.700542,0.0125
261,4.693509,0.0124
262,4.686643,0.0124
263,4.679375,0.0118
264,4.673712,0.0119
265,4.666678,0.0124
266,4.661027,0.0124
267,4.654379,0.0123
268,4.647761,0.0118
269,4.641101,0.0120
270,4.633983,0.0124
271,4.627721,0.0124
272,4.621882,0.0123
273,4.615388,0.0118
274,4.609105,0.0119
275,4.600645,0.0122
276,4.595123,0.0126
277,4.588799,0.0123
278,4.582479,0.0119
279,4.576544,0.0118
280,4.570252,0.0120
281,4.563243,0.0124
282,4.556427,0.0124
283,4.548738,0.0123
284,4.542151,0.0118
285,4.534329,0.0115
286,4.527378,0.0121
287,4.520148,0.0124
288,4.513528,0.0123
289,4.505208,0.0119
290,4.497686,0.0119
291,4.491284,0.0120
292,4.483073,0.0125
293,4.476279,0.0124
294,4.468933,0.0123
295,4.461784,0.0119
296,4.454995,0.0119
297,4.448652,0.0121
298,4.443064,0.0125
299,4.436293,0.0125
300,4.429254,0.0123
301,4.422443,0.0119
302,4.415948,0.0121
303,4.409470,0.0125
304,4.401237,0.0125
305,4.393935,0.0123
306,4.387603,0.0119
307,4.383167,0.0121
308,4.376449,0.0125
309,4.369032,0.0124
310,4.361009,0.0119
311,4.355793,0.0119
312,4.351132,0.0121
313,4.343468,0.0124
314,4.336864,0.0125
315,4.331562,0.0123
316,4.325485,0.0119
317,4.318340,0.0121
318,4.312113,0.0125
319,4.305726,0.0125
320,4.298378,0.0124
321,4.290383,0.0118
322,4.283366,0.0119
323,4.274345,0.0125
324,4.267379,0.0125
325,4.259846,0.0124
326,4.252367,0.0120
327,4.245336,0.0119
328,4.238568,0.0122
329,4.232854,0.0125
330,4.227711,0.0124
331,4.222185,0.0119
332,4.213401,0.0119
333,4.206562,0.0121
334,4.199042,0.0125
335,4.191888,0.0125
336,4.185272,0.0124
337,4.178303,0.0119
338,4.172161,0.0122
339,4.166057,0.0126
340,4.159077,0.0125
341,4.151465,0.0120
342,4.145173,0.0120
343,4.138329,0.0122
344,4.131799,0.0125
345,4.126531,0.0125
346,4.118740,0.0119
347,4.112322,0.0116
348,4.104304,0.0122
349,4.098951,0.0125
350,4.090886,0.0126
351,4.084044,0.0125
352,4.076025,0.0120
353,4.068853,0.0161
354,4.062626,0.0128
355,4.054721,0.0116
356,4.049097,0.0119
357,4.041730,0.0126
358,4.035624,0.0126
359,4.029523,0.0125
360,4.022336,0.0120
361,4.015617,0.0122
362,4.008556,0.0127
363,4.002130,0.0126
364,3.995424,0.0125
365,3.988675,0.0121
366,3.982840,0.0124
367,3.977166,0.0126
368,3.970922,0.0126
369,3.963939,0.0116
370,3.957417,0.0106
371,3.951234,0.0118
372,3.946143,0.0123
373,3.940264,0.0126
374,3.933218,0.0127
375,3.927019,0.0126
376,3.920761,0.0121
377,3.916519,0.0124
378,3.909711,0.0127
379,3.903075,0.0126
380,3.896503,0.0120
381,3.890131,0.0118
382,3.885364,0.0127
383,3.879292,0.0126
384,3.874259,0.0126
385,3.868483,0.0121
386,3.862655,0.0123
387,3.858286,0.0126
388,3.850436,0.0126
389,3.842242,0.0121
390,3.836825,0.0124
391,3.829433,0.0127
392,3.822319,0.0128
393,3.815593,0.0126
394,3.809515,0.0121
395,3.803710,0.0124
396,3.794674,0.0128
397,3.788846,0.0126
398,3.783057,0.0122
399,3.776386,0.0123
400,3.769870,0.0127
401,3.763191,0.0123
402,3.756737,0.0114
403,3.750368,0.0116
404,3.743141,0.0125
405,3.737895,0.0127
406,3.731100,0.0127
407,3.724164,0.0122
408,3.717828,0.0124
409,3.712452,0.0128
410,3.706959,0.0127
411,3.699799,0.0121
412,3.691736,0.0119
413,3.685574,0.0124
414,3.679289,0.0127
415,3.672948,0.0110
416,3.668271,0.0127
417,3.663903,0.0121
418,3.658046,0.0123
419,3.655670,0.0128
420,3.654659,0.0127
421,3.650608,0.0121
422,3.641445,0.0119
423,3.631760,0.0125
424,3.622622,0.0128
425,3.613567,0.0127
426,3.609311,0.0122
427,3.604527,0.0120
428,3.599272,0.0127
429,3.593214,0.0129
430,3.587203,0.0128
431,3.581051,0.0122
432,3.574930,0.0126
433,3.567344,0.0129
434,3.562419,0.0128
435,3.556253,0.0123
436,3.553214,0.0125
437,3.546655,0.0129
438,3.541447,0.0128
439,3.535919,0.0122
440,3.530456,0.0120
441,3.527426,0.0125
442,3.521700,0.0129
443,3.515055,0.0127
444,3.508705,0.0119
445,3.503132,0.0122
446,3.498131,0.0128
447,3.493773,0.0128
448,3.488681,0.0123
449,3.480636,0.0119
450,3.472958,0.0123
451,3.467113,0.0129
452,3.461323,0.0128
453,3.455929,0.0122
454,3.450563,0.0121
455,3.445302,0.0127
456,3.436331,0.0129
457,3.432410,0.0128
458,3.426773,0.0124
459,3.421101,0.0126
460,3.415958,0.0129
461,3.411811,0.0128
462,3.406098,0.0124
463,3.399996,0.0126
464,3.393352,0.0130
465,3.387542,0.0140
466,3.383567,0.0121
467,3.377037,0.0127
468,3.372082,0.0129
469,3.369282,0.0129
470,3.361783,0.0125
471,3.357259,0.0127
472,3.351997,0.0130
473,3.347487,0.0130
474,3.341560,0.0123
475,3.334687,0.0124
476,3.327787,0.0130
477,3.322418,0.0129
478,3.317091,0.0125
479,3.312162,0.0122
480,3.307077,0.0129
481,3.302884,0.0131
482,3.296860,0.0128
483,3.292893,0.0120
484,3.289177,0.0124
485,3.283547,0.0131
486,3.277767,0.0130
487,3.270839,0.0124
488,3.269092,0.0125
489,3.262746,0.0131
490,3.256538,0.0129
491,3.252276,0.0121
492,3.249622,0.0126
493,3.242964,0.0131
494,3.238324,0.0129
495,3.234338,0.0121
496,3.230074,0.0125
497,3.224705,0.0131
498,3.220827,0.0130
499,3.215938,0.0121
500,3.211617,0.0127
501,3.208198,0.0131
502,3.204142,0.0130
503,3.198438,0.0121
504,3.191477,0.0126
505,3.186602,0.0132
506,3.183825,0.0130
507,3.179268,0.0122
508,3.172954,0.0126
509,3.168368,0.0132
510,3.162618,0.0130
511,3.158789,0.0122
512,3.154611,0.0122
513,3.149480,0.0130
514,3.144186,0.0131
515,3.139118,0.0126
516,3.136323,0.0123
517,3.131210,0.0128
518,3.127049,0.0133
519,3.122035,0.0131
520,3.120211,0.0123
521,3.114881,0.0129
522,3.109617,0.0131
523,3.105710,0.0126
524,3.101443,0.0124
525,3.099258,0.0130
526,3.094595,0.0132
527,3.092582,0.0127
528,3.089199,0.0124
529,3.085828,0.0132
530,3.084814,0.0132
531,3.081307,0.0127
532,3.076954,0.0127
533,3.073628,0.0134
534,3.069922,0.0132
535,3.065205,0.0124
536,3.060319,0.0123
537,3.056509,0.0132
538,3.053607,0.0132
539,3.051694,0.0124
540,3.051298,0.0129
541,3.047286,0.0133
542,3.041649,0.0133
543,3.041328,0.0125
544,3.035963,0.0129
545,3.029809,0.0133
546,3.025721,0.0133
547,3.022076,0.0126
548,3.013726,0.0132
549,3.007758,0.0134
550,3.004238,0.0129
551,2.995593,0.0125
552,2.992657,0.0133
553,2.994818,0.0134
554,2.994940,0.0124
555,2.988984,0.0116
556,2.983656,0.0117
557,2.972680,0.0119
558,2.967035,0.0121
559,2.964422,0.0120
560,2.960754,0.0120
561,2.955840,0.0121
562,2.950289,0.0123
563,2.944307,0.0130
564,2.941847,0.0128
565,2.937573,0.0124
566,2.933223,0.0125
567,2.926440,0.0135
568,2.924807,0.0136
569,2.919798,0.0130
570,2.917819,0.0137
571,2.914985,0.0137
572,2.909344,0.0130
573,2.903975,0.0136
574,2.902077,0.0138
575,2.896744,0.0131
576,2.892481,0.0138
577,2.889877,0.0138
578,2.882740,0.0130
579,2.875883,0.0138
580,2.872391,0.0139
581,2.872885,0.0146
582,2.870909,0.0142
583,2.865515,0.0135
584,2.862563,0.0130
585,2.862274,0.0139
586,2.860270,0.0140
587,2.855259,0.0132
588,2.852356,0.0140
589,2.847859,0.0141
590,2.840889,0.0131
591,2.836730,0.0140
592,2.833276,0.0141
593,2.827338,0.0133
594,2.821058,0.0141
595,2.817917,0.0142
596,2.813775,0.0139
597,2.809240,0.0143
598,2.802859,0.0135
599,2.801487,0.0137
600,2.799230,0.0144
601,2.796001,0.0134
602,2.790725,0.0144
603,2.785633,0.0136
604,2.778575,0.0139
605,2.773561,0.0144
606,2.774459,0.0135
607,2.769569,0.0140
608,2.765448,0.0146
609,2.759325,0.0139
610,2.757520,0.0147
611,2.754495,0.0138
612,2.749271,0.0142
613,2.744909,0.0147
614,2.752445,0.0138
615,2.754914,0.0147
616,2.739202,0.0143
617,2.731018,0.0142
618,2.738768,0.0149
619,2.737286,0.0139
620,2.729956,0.0150
621,2.725111,0.0144
622,2.721252,0.0145
623,2.728613,0.0146
624,2.720785,0.0139
625,2.709410,0.0146
626,2.703353,0.0140
627,2.706817,0.0143
628,2.706727,0.0147
629,2.696342,0.0140
630,2.691416,0.0148
631,2.688398,0.0143
632,2.685217,0.0145
633,2.679121,0.0150
634,2.673276,0.0143
635,2.667202,0.0151
636,2.662953,0.0142
637,2.659417,0.0148
638,2.655825,0.0143
639,2.650885,0.0146
640,2.644687,0.0149
641,2.640677,0.0146
642,2.637434,0.0152
643,2.633766,0.0147
644,2.629709,0.0154
645,2.627522,0.0148
646,2.623143,0.0151
647,2.622217,0.0147
648,2.616230,0.0152
649,2.614202,0.0149
650,2.608536,0.0152
651,2.606433,0.0153
652,2.605318,0.0152
653,2.600874,0.0154
654,2.601103,0.0154
655,2.602555,0.0158
656,2.613685,0.0155
657,2.617810,0.0156
658,2.614642,0.0156
659,2.607778,0.0158
660,2.600153,0.0159
661,2.593602,0.0157
662,2.588200,0.0163
663,2.585167,0.0162
664,2.576109,0.0164
665,2.567686,0.0163
666,2.564967,0.0164
667,2.558139,0.0163
668,2.549616,0.0167
669,2.550908,0.0168
670,2.545143,0.0169
671,2.541372,0.0171
672,2.538371,0.0173
673,2.534422,0.0176
674,2.530061,0.0178
675,2.528794,0.0174
676,2.524605,0.0179
677,2.519943,0.0175
678,2.515568,0.0177
679,2.510702,0.0181
680,2.505189,0.0186
681,2.505773,0.0186
682,2.499677,0.0182
683,2.506446,0.0190
684,2.510694,0.0189
685,2.503794,0.0188
686,2.501615,0.0191
687,2.496711,0.0189
688,2.490053,0.0195
689,2.484642,0.0193
690,2.478290,0.0195
691,2.472445,0.0197
692,2.468800,0.0200
693,2.462833,0.0203
694,2.455963,0.0205
695,2.454285,0.0206
696,2.452404,0.0205
697,2.447720,0.0210
698,2.438926,0.0214
699,2.435347,0.0209
700,2.427344,0.0216
701,2.423447,0.0217
702,2.420289,0.0216
703,2.418998,0.0216
704,2.412090,0.0223
705,2.410138,0.0219
706,2.403041,0.0227
707,2.399042,0.0226
708,2.394582,0.0229
709,2.388378,0.0228
710,2.384605,0.0234
711,2.384542,0.0238
712,2.377751,0.0234
713,2.378286,0.0237
714,2.377126,0.0238
715,2.370147,0.0246
716,2.364997,0.0248
717,2.361944,0.0251
718,2.362548,0.0248
719,2.366815,0.0254
720,2.368572,0.0250
721,2.365010,0.0260
722,2.364766,0.0263
723,2.362028,0.0263
724,2.350409,0.0260
725,2.347357,0.0273
726,2.335379,0.0271
727,2.328251,0.0271
728,2.323547,0.0270
729,2.319661,0.0278
730,2.313120,0.0274
731,2.309369,0.0290
732,2.303814,0.0287
733,2.301396,0.0282
734,2.300684,0.0292
735,2.293402,0.0294
736,2.292832,0.0296
737,2.290617,0.0302
738,2.283157,0.0308
739,2.286719,0.0298
740,2.279131,0.0308
741,2.280174,0.0305
742,2.285432,0.0315
743,2.288977,0.0314
744,2.281490,0.0321
745,2.273861,0.0314
746,2.267080,0.0327
747,2.261833,0.0330
748,2.256897,0.0331
749,2.254049,0.0328
750,2.246486,0.0341
751,2.246436,0.0352
752,2.237641,0.0350
753,2.244278,0.0353
754,2.235707,0.0364
755,2.233213,0.0361
756,2.226900,0.0365
757,2.217365,0.0361
758,2.217689,0.0374
759,2.216123,0.0376
760,2.207706,0.0382
761,2.201870,0.0388
762,2.202626,0.0380
763,2.196266,0.0394
764,2.192280,0.0395
765,2.181751,0.0392
766,2.177809,0.0396
767,2.188216,0.0407
768,2.179442,0.0403
769,2.176523,0.0409
770,2.180073,0.0423
771,2.172971,0.0423
772,2.171868,0.0433
773,2.165060,0.0446
774,2.165019,0.0441
775,2.154717,0.0430
776,2.150209,0.0435
777,2.141136,0.0449
778,2.146430,0.0442
779,2.153543,0.0456
780,2.151488,0.0451
781,2.149000,0.0470
782,2.143933,0.0457
783,2.147496,0.0476
784,2.131648,0.0466
785,2.126678,0.0483
786,2.114826,0.0474
787,2.103822,0.0482
788,2.092864,0.0493
789,2.101169,0.0515
790,2.095235,0.0514
791,2.089974,0.0523
792,2.088844,0.0511
793,2.081780,0.0505
794,2.084188,0.0524
795,2.081091,0.0513
796,2.078918,0.0517
797,2.074140,0.0532
798,2.083030,0.0525
799,2.072509,0.0559
800,2.062500,0.0535
801,2.080846,0.0559
802,2.090413,0.0562
803,2.101762,0.0548
804,2.108186,0.0570
805,2.111847,0.0592
806,2.095999,0.0598
807,2.087077,0.0566
808,2.072166,0.0594
809,2.066541,0.0576
810,2.057964,0.0581
811,2.052575,0.0622
812,2.052436,0.0608
813,2.042639,0.0595
814,2.037439,0.0599
815,2.040452,0.0623
816,2.037579,0.0612
817,2.039401,0.0613
818,2.044991,0.0631
819,2.036882,0.0624
820,2.037715,0.0661
821,2.039801,0.0630
822,2.035768,0.0670
823,2.028336,0.0659
824,2.027036,0.0668
825,2.027771,0.0668
826,2.016116,0.0672
827,2.014723,0.0656
828,2.009984,0.0682
829,2.013651,0.0664
830,2.002830,0.0692
831,1.994525,0.0701
832,1.988915,0.0678
833,1.985818,0.0685
834,1.973768,0.0686
835,1.972679,0.0693
836,1.968647,0.0734
837,1.967088,0.0727
838,1.966158,0.0719
839,1.969193,0.0736
840,1.959191,0.0752
841,1.952474,0.0739
842,1.949077,0.0722
843,1.953614,0.0748
844,1.944822,0.0735
845,1.941761,0.0781
846,1.935387,0.0736
847,1.949407,0.0766
848,1.963415,0.0742
849,1.965192,0.0752
850,1.975848,0.0753
851,1.981329,0.0783
852,1.988348,0.0753
853,1.992691,0.0779
854,1.984287,0.0752
855,1.985896,0.0761
856,1.985340,0.0780
857,1.964782,0.0754
858,1.955908,0.0761
859,1.937403,0.0767
860,1.927643,0.0767
861,1.926593,0.0762
862,1.917525,0.0762
863,1.908207,0.0740
864,1.893801,0.0768
865,1.883313,0.0739
866,1.890933,0.0739
867,1.885669,0.0740
868,1.884739,0.0740
869,1.874018,0.0743
870,1.874841,0.0736
871,1.864006,0.0753
872,1.869005,0.0788
873,1.865155,0.0789
874,1.868731,0.0753
875,1.876495,0.0783
876,1.868744,0.0784
877,1.862320,0.0736
878,1.851986,0.0765
879,1.844311,0.0736
880,1.830827,0.0741
881,1.838477,0.0767
882,1.837626,0.0766
883,1.839451,0.0730
884,1.828341,0.0761
885,1.830949,0.0729
886,1.828244,0.0730
887,1.828225,0.0730
888,1.835293,0.0730
889,1.838337,0.0729
890,1.847919,0.0733
891,1.850864,0.0731
892,1.848475,0.0771
893,1.850839,0.0772
894,1.849714,0.0737
895,1.846590,0.0730
896,1.838017,0.0730
897,1.849213,0.0737
898,1.871074,0.0737
899,1.889923,0.0766
900,1.884327,0.0766
901,1.879376,0.0737
902,1.873056,0.0766
903,1.863723,0.0772
904,1.856256,0.0765
905,1.838889,0.0730
906,1.822033,0.0736
907,1.797957,0.0763
908,1.772656,0.0763
909,1.761624,0.0730
910,1.767861,0.0761
911,1.765346,0.0733
912,1.768615,0.0730
913,1.762744,0.0730
914,1.763433,0.0735
915,1.756280,0.0729
916,1.774776,0.0764
917,1.771115,0.0729
918,1.756769,0.0728
919,1.759488,0.0731
920,1.759710,0.0733
921,1.756822,0.0729
922,1.742986,0.0736
923,1.743523,0.0738
924,1.739533,0.0729
925,1.735730,0.0741
926,1.734747,0.0734
927,1.737435,0.0730
928,1.737682,0.0733
929,1.735499,0.0733
930,1.725401,0.0747
931,1.716394,0.0729
932,1.709121,0.0749
933,1.722224,0.0730
934,1.719133,0.0730
935,1.745213,0.0730
936,1.749005,0.0751
937,1.748544,0.0753
938,1.746876,0.0757
939,1.733957,0.0731
940,1.731717,0.0752
941,1.721296,0.0752
942,1.707257,0.0735
943,1.709867,0.0731
944,1.707863,0.0732
945,1.712483,0.0751
946,1.703588,0.0731
947,1.693069,0.0749
948,1.684468,0.0731
949,1.683183,0.0729
950,1.667422,0.0730
951,1.661756,0.0749
952,1.656524,0.0744
953,1.654236,0.0744
954,1.654183,0.0744
955,1.644891,0.0743
956,1.641572,0.0732
957,1.642387,0.0743
958,1.640651,0.0746
959,1.654535,0.0743
960,1.650295,0.0757
961,1.649663,0.0751
962,1.648456,0.0733
963,1.654063,0.0730
964,1.661753,0.0732
965,1.684721,0.0743
966,1.699085,0.0759
967,1.720913,0.0759
968,1.711317,0.0758
969,1.705570,0.0759
970,1.702185,0.0758
971,1.708862,0.0762
972,1.708704,0.0758
973,1.697110,0.0735
974,1.679929,0.0731
975,1.667228,0.0731
976,1.647465,0.0744
977,1.630940,0.0744
978,1.606644,0.0736
979,1.584893,0.0731
980,1.583808,0.0744
981,1.590106,0.0731
982,1.601396,0.0744
983,1.607534,0.0730
984,1.614964,0.0744
985,1.606498,0.0744
986,1.618997,0.0730
987,1.612374,0.0730
988,1.608327,0.0747
989,1.599825,0.0745
990,1.610013,0.0730
991,1.621749,0.0744
992,1.619553,0.0745
993,1.607035,0.0743
994,1.586958,0.0734
995,1.591148,0.0731
996,1.598849,0.0748
997,1.596051,0.0747
998,1.578736,0.0760
999,1.571743,0.0749
1000,1.558502,0.0762
1001,1.542892,0.0747
1002,1.586501,0.0762
1003,1.609936,0.0761
1004,1.629194,0.0748
1005,1.630899,0.0749
1006,1.624137,0.0747
1007,1.620762,0.0731
1008,1.620196,0.0733
1009,1.612888,0.0732
1010,1.599209,0.0747
1011,1.625549,0.0733
1012,1.612485,0.0733
1013,1.586082,0.0746
1014,1.569819,0.0747
1015,1.531482,0.0749
1016,1.542925,0.0742
1017,1.538465,0.0729
1018,1.537030,0.0729
1019,1.533353,0.0735
1020,1.537435,0.0733
1021,1.549416,0.0747
1022,1.550612,0.0732
1023,1.535543,0.0731
1024,1.548876,0.0732
1025,1.556301,0.0735
1026,1.562774,0.0747
1027,1.570386,0.0732
1028,1.552922,0.0750
1029,1.525531,0.0742
1030,1.563524,0.0733
1031,1.579073,0.0760
1032,1.591636,0.0753
1033,1.593606,0.0737
1034,1.609938,0.0733
1035,1.610916,0.0738
1036,1.592850,0.0750
1037,1.591826,0.0748
1038,1.586746,0.0748
1039,1.560984,0.0735
1040,1.533076,0.0738
1041,1.503515,0.0756
1042,1.503691,0.0744
1043,1.566112,0.0746
1044,1.608903,0.0761
1045,1.622124,0.0764
1046,1.677081,0.0765
1047,1.674932,0.0751
1048,1.686442,0.0751
1049,1.670895,0.0752
1050,1.644458,0.0762
1051,1.647377,0.0753
1052,1.634153,0.0752
1053,1.627826,0.0752
1054,1.634331,0.0754
1055,1.621830,0.0755
1056,1.612419,0.0755
1057,1.619785,0.0754
1058,1.626253,0.0753
1059,1.600013,0.0758
1060,1.585730,0.0759
1061,1.576928,0.0768
1062,1.562298,0.0756
1063,1.547865,0.0775
1064,1.548560,0.0759
1065,1.524745,0.0768
1066,1.515589,0.0760
1067,1.515180,0.0771
1068,1.492337,0.0770
1069,1.471952,0.0763
1070,1.442082,0.0765
1071,1.466949,0.0761
1072,1.480146,0.0767
1073,1.498304,0.0779
1074,1.502326,0.0772
1075,1.509098,0.0780
1076,1.510430,0.0757
1077,1.517383,0.0760
1078,1.505900,0.0774
1079,1.512246,0.0763
1080,1.514686,0.0758
1081,1.492039,0.0773
1082,1.502398,0.0756
1083,1.476918,0.0759
1084,1.467268,0.0759
1085,1.457654,0.0758
1086,1.451103,0.0759
1087,1.445661,0.0759
1088,1.429121,0.0761
1089,1.406550,0.0757
1090,1.417496,0.0758
1091,1.438021,0.0760
1092,1.448597,0.0759
1093,1.462734,0.0761
1094,1.468058,0.0760
1095,1.473380,0.0759
1096,1.452723,0.0758
1097,1.456124,0.0761
1098,1.456347,0.0760
1099,1.436919,0.0761
1100,1.430004,0.0762
1101,1.405417,0.0759
1102,1.401337,0.0761
1103,1.415174,0.0759
1104,1.435385,0.0758
1105,1.430712,0.0762
1106,1.429651,0.0759
1107,1.426048,0.0759
1108,1.425195,0.0760
1109,1.431692,0.0760
1110,1.430485,0.0762
1111,1.411215,0.0761
1112,1.388898,0.0761
1113,1.384774,0.0763
1114,1.378846,0.0760
1115,1.365017,0.0760
1116,1.359603,0.0763
1117,1.356322,0.0760
1118,1.382863,0.0758
1119,1.386955,0.0760
1120,1.397612,0.0759
1121,1.420476,0.0761
1122,1.441381,0.0759
1123,1.443327,0.0761
1124,1.434524,0.0761
1125,1.423982,0.0759
1126,1.411669,0.0761
1127,1.399067,0.0759
1128,1.383099,0.0761
1129,1.407309,0.0760
1130,1.412502,0.0760
1131,1.421997,0.0760
1132,1.429027,0.0761
1133,1.430675,0.0759
1134,1.426456,0.0760
1135,1.422134,0.0760
1136,1.422333,0.0762
1137,1.412471,0.0761
1138,1.389364,0.0763
1139,1.364835,0.0763
1140,1.333931,0.0766
1141,1.336057,0.0763
1142,1.342670,0.0765
1143,1.336217,0.0765
1144,1.347721,0.0777
1145,1.337979,0.0776
1146,1.322252,0.0775
1147,1.325431,0.0780
1148,1.316456,0.0779
1149,1.304631,0.0777
1150,1.309921,0.0777
1151,1.316376,0.0765
1152,1.321527,0.0764
1153,1.316351,0.0774
1154,1.307042,0.0778
1155,1.304306,0.0764
1156,1.295124,0.0764
1157,1.287961,0.0766
1158,1.294614,0.0769
1159,1.306263,0.0765
1160,1.307165,0.0766
1161,1.309995,0.0777
1162,1.306605,0.0781
1163,1.300207,0.0778
1164,1.300278,0.0780
1165,1.281643,0.0782
1166,1.254342,0.0781
1167,1.337164,0.0780
1168,1.376642,0.0777
1169,1.400201,0.0779
1170,1.431031,0.0783
1171,1.453635,0.0779
1172,1.445158,0.0774
1173,1.486171,0.0785
1174,1.488770,0.0781
1175,1.476515,0.0783
1176,1.468427,0.0781
1177,1.498181,0.0781
1178,1.517240,0.0780
1179,1.506492,0.0786
1180,1.498671,0.0786
1181,1.513065,0.0783
1182,1.510309,0.0784
1183,1.529206,0.0781
1184,1.540407,0.0781
1185,1.525649,0.0770
1186,1.508447,0.0774
1187,1.523174,0.0775
1188,1.500834,0.0775
1189,1.499018,0.0769
1190,1.471701,0.0770
1191,1.449717,0.0772
1192,1.445528,0.0771
1193,1.449313,0.0772
1194,1.441633,0.0788
1195,1.429944,0.0787
1196,1.464972,0.0788
1197,1.470228,0.0793
1198,1.480043,0.0768
1199,1.465777,0.0774
1200,1.479086,0.0790
1201,1.460123,0.0785
1202,1.475669,0.0783
1203,1.465061,0.0797
1204,1.437888,0.0785
1205,1.458960,0.0786
1206,1.458225,0.0797
1207,1.442188,0.0798
1208,1.432447,0.0795
1209,1.428238,0.0804
1210,1.421433,0.0806
1211,1.428032,0.0799
1212,1.429926,0.0800
1213,1.423129,0.0802
1214,1.405466,0.0800
1215,1.401601,0.0807
1216,1.382148,0.0790
1217,1.366680,0.0785
1218,1.383825,0.0793
1219,1.383321,0.0792
1220,1.381700,0.0791
1221,1.370115,0.0794
1222,1.365338,0.0792
1223,1.344720,0.0791
1224,1.323835,0.0797
1225,1.312928,0.0795
1226,1.295632,0.0802
1227,1.322747,0.0796
1228,1.331824,0.0805
1229,1.326228,0.0807
1230,1.331414,0.0822
1231,1.348952,0.0816
1232,1.359710,0.0817
1233,1.374343,0.0812
1234,1.368875,0.0808
1235,1.359236,0.0819
1236,1.345634,0.0833
1237,1.337790,0.0819
1238,1.328932,0.0823
1239,1.303857,0.0833
1240,1.301397,0.0829
1241,1.296097,0.0815
1242,1.291211,0.0827
1243,1.264537,0.0827
1244,1.259374,0.0838
1245,1.274508,0.0820
1246,1.293563,0.0822
1247,1.296494,0.0821
1248,1.287095,0.0815
1249,1.271328,0.0811
1250,1.246182,0.0808
1251,1.240319,0.0807
1252,1.261467,0.0811
1253,1.280178,0.0819
1254,1.312555,0.0807
1255,1.328888,0.0801
1256,1.350663,0.0798
1257,1.357576,0.0803
1258,1.339366,0.0810
1259,1.342696,0.0812
1260,1.359358,0.0807
1261,1.359230,0.0812
1262,1.385785,0.0817
1263,1.379467,0.0816
1264,1.375721,0.0821
1265,1.346181,0.0807
1266,1.329768,0.0809
1267,1.315228,0.0807
1268,1.299443,0.0811
1269,1.293353,0.0813
1270,1.281623,0.0803
1271,1.279434,0.0826
1272,1.282438,0.0822
1273,1.289506,0.0818
1274,1.290270,0.0827
1275,1.290132,0.0817
1276,1.285094,0.0833
1277,1.271652,0.0811
1278,1.256765,0.0811
1279,1.252041,0.0816
1280,1.273140,0.0815
1281,1.284552,0.0822
1282,1.282440,0.0808
1283,1.287369,0.0822
1284,1.285398,0.0821
1285,1.288657,0.0832
1286,1.293925,0.0840
1287,1.300593,0.0836
1288,1.312967,0.0835
1289,1.311468,0.0835
1290,1.299653,0.0836
1291,1.304813,0.0833
1292,1.299078,0.0840
1293,1.291911,0.0849
1294,1.270720,0.0835
1295,1.254261,0.0838
1296,1.247980,0.0843
1297,1.264340,0.0845
1298,1.262387,0.0842
1299,1.249566,0.0842
1300,1.246682,0.0850
1301,1.249347,0.0857
1302,1.244604,0.0849
1303,1.240283,0.0851
1304,1.221673,0.0852
1305,1.232151,0.0860
1306,1.234637,0.0858
1307,1.230643,0.0847
1308,1.227617,0.0856
1309,1.218263,0.0839
1310,1.224315,0.0851
1311,1.222127,0.0853
1312,1.255982,0.0849
1313,1.259958,0.0831
1314,1.263116,0.0833
1315,1.275087,0.0836
1316,1.279269,0.0827
1317,1.304750,0.0826
1318,1.304010,0.0825
1319,1.295735,0.0830
1320,1.281213,0.0844
1321,1.275391,0.0826
1322,1.268565,0.0819
1323,1.277115,0.0834
1324,1.276234,0.0819
1325,1.262694,0.0824
1326,1.255056,0.0836
1327,1.249227,0.0824
1328,1.242779,0.0823
1329,1.226587,0.0831
1330,1.215680,0.0848
1331,1.207847,0.0828
1332,1.216665,0.0833
1333,1.239177,0.0824
1334,1.253853,0.0835
1335,1.251034,0.0836
1336,1.241206,0.0835
1337,1.228298,0.0838
1338,1.218584,0.0836
1339,1.210871,0.0830
1340,1.191877,0.0837
1341,1.186032,0.0837
1342,1.171807,0.0840
1343,1.171023,0.0836
1344,1.183775,0.0835
1345,1.184444,0.0853
1346,1.188759,0.0854
1347,1.174803,0.0853
1348,1.175927,0.0844
1349,1.171495,0.0856
1350,1.187020,0.0855
1351,1.181612,0.0853
1352,1.181486,0.0846
1353,1.180053,0.0842
1354,1.163227,0.0847
1355,1.151364,0.0843
1356,1.156448,0.0846
1357,1.168592,0.0858
1358,1.187400,0.0858
1359,1.193848,0.0860
1360,1.217010,0.0858
1361,1.218513,0.0857
1362,1.210287,0.0850
1363,1.189932,0.0864
1364,1.182485,0.0859
1365,1.173329,0.0861
1366,1.176527,0.0857
1367,1.174325,0.0839
1368,1.155649,0.0847
1369,1.160518,0.0845
1370,1.175313,0.0852
1371,1.186437,0.0845
1372,1.195191,0.0846
1373,1.187068,0.0846
1374,1.171403,0.0850
1375,1.154265,0.0865
1376,1.149550,0.0843
1377,1.154432,0.0844
1378,1.177611,0.0853
1379,1.182992,0.0842
1380,1.159275,0.0851
1381,1.141819,0.0856
1382,1.141003,0.0851
1383,1.138228,0.0858
1384,1.129596,0.0875
1385,1.116289,0.0865
1386,1.122932,0.0858
1387,1.117778,0.0849
1388,1.111197,0.0861
1389,1.122610,0.0859
1390,1.133218,0.0857
1391,1.140513,0.0864
1392,1.141730,0.0863
1393,1.148964,0.0862
1394,1.142292,0.0850
1395,1.142222,0.0877
1396,1.135460,0.0862
1397,1.120634,0.0869
1398,1.116117,0.0866
1399,1.107740,0.0882
1400,1.112887,0.0891
1401,1.110385,0.0879
1402,1.097279,0.0901
1403,1.083949,0.0877
1404,1.099832,0.0899
1405,1.160847,0.0875
1406,1.224212,0.0888
1407,1.273433,0.0875
1408,1.296017,0.0882
1409,1.316073,0.0893
1410,1.310863,0.0900
1411,1.293940,0.0893
1412,1.249232,0.0913
1413,1.212315,0.0900
1414,1.154805,0.0912
1415,1.157603,0.0911
1416,1.163000,0.0891
1417,1.158231,0.0911
1418,1.170061,0.0899
1419,1.178999,0.0900
1420,1.189386,0.0889
1421,1.190092,0.0880
1422,1.178394,0.0897
1423,1.194182,0.0867
1424,1.181122,0.0892
1425,1.178918,0.0895
1426,1.165677,0.0897
1427,1.173845,0.0904
1428,1.183779,0.0861
1429,1.181182,0.0898
1430,1.173418,0.0868
1431,1.163813,0.0886
1432,1.146000,0.0885
1433,1.124193,0.0882
1434,1.125947,0.0886
1435,1.115201,0.0875
1436,1.101972,0.0899
1437,1.099932,0.0892
1438,1.103484,0.0898
1439,1.102826,0.0898
1440,1.096827,0.0917
1441,1.091710,0.0914
1442,1.095241,0.0921
1443,1.082954,0.0913
1444,1.092878,0.0909
1445,1.094157,0.0892
1446,1.112594,0.0899
1447,1.117961,0.0917
1448,1.137972,0.0914
1449,1.145632,0.0903
1450,1.157649,0.0887
1451,1.150784,0.0893
1452,1.149954,0.0904
1453,1.149511,0.0888
1454,1.146490,0.0893
1455,1.138639,0.0892
1456,1.136585,0.0881
1457,1.129116,0.0892
1458,1.122437,0.0888
1459,1.131747,0.0894
1460,1.115260,0.0895
1461,1.104255,0.0886
1462,1.098591,0.0869
1463,1.086696,0.0903
1464,1.077737,0.0887
1465,1.083260,0.0886
1466,1.102726,0.0893
1467,1.125505,0.0894
1468,1.138260,0.0893
1469,1.134753,0.0894
1470,1.137227,0.0891
1471,1.115478,0.0893
1472,1.126327,0.0895
1473,1.131166,0.0891
1474,1.138764,0.0897
1475,1.150341,0.0893
1476,1.135529,0.0893
1477,1.138717,0.0897
1478,1.130619,0.0897
1479,1.105336,0.0890
1480,1.078654,0.0895
1481,1.077091,0.0916
1482,1.081640,0.0895
1483,1.091401,0.0912
1484,1.099600,0.0921
1485,1.090560,0.0918
1486,1.101672,0.0895
1487,1.099984,0.0923
1488,1.091482,0.0915
1489,1.076479,0.0914
1490,1.065826,0.0921
1491,1.050431,0.0900
1492,1.063287,0.0921
1493,1.066688,0.0928
1494,1.063047,0.0925
1495,1.062556,0.0919
1496,1.059703,0.0925
1497,1.057584,0.0922
1498,1.068900,0.0927
1499,1.076146,0.0930
1500,1.066700,0.0929
1501,1.055409,0.0928
1502,1.042908,0.0903
1503,1.030831,0.0902
1504,1.043391,0.0919
1505,1.046937,0.0924
1506,1.047391,0.0921
1507,1.069082,0.0929
1508,1.069196,0.0903
1509,1.069524,0.0926
1510,1.067567,0.0907
1511,1.063163,0.0929
1512,1.063829,0.0906
1513,1.057621,0.0913
1514,1.049568,0.0915
1515,1.039198,0.0904
1516,1.032940,0.0924
1517,1.038319,0.0925
1518,1.041853,0.0929
1519,1.049581,0.0921
1520,1.038279,0.0918
1521,1.024190,0.0912
1522,1.001749,0.0927
1523,0.991759,0.0906
1524,1.015805,0.0906
1525,1.036795,0.0922
1526,1.043081,0.0932
1527,1.042357,0.0926
1528,1.042058,0.0934
1529,1.036029,0.0931
1530,1.019767,0.0934
1531,1.039201,0.0926
1532,1.034539,0.0927
1533,1.037392,0.0927
1534,1.036170,0.0929
1535,1.032978,0.0910
1536,1.024485,0.0945
1537,1.025670,0.0930
1538,1.014353,0.0932
1539,1.019873,0.0917
1540,1.038087,0.0912
1541,1.038923,0.0913
1542,1.042449,0.0915
1543,1.051022,0.0918
1544,1.050805,0.0915
1545,1.064593,0.0898
1546,1.068993,0.0919
1547,1.075877,0.0895
1548,1.074236,0.0930
1549,1.084544,0.0916
1550,1.097659,0.0900
1551,1.092364,0.0922
1552,1.094660,0.0925
1553,1.094443,0.0917
1554,1.089122,0.0932
1555,1.076196,0.0908
1556,1.057652,0.0914
1557,1.058674,0.0938
1558,1.074593,0.0944
1559,1.075889,0.0916
1560,1.065753,0.0943
1561,1.063821,0.0943
1562,1.051332,0.0935
1563,1.044288,0.0946
1564,1.029598,0.0928
1565,1.015752,0.0937
1566,1.004011,0.0925
1567,1.020829,0.0921
1568,1.026499,0.0899
1569,1.028363,0.0935
1570,1.035866,0.0907
1571,1.039878,0.0917
1572,1.033094,0.0943
1573,1.014513,0.0927
1574,1.017393,0.0889
1575,1.009197,0.0916
1576,1.027199,0.0909
1577,1.033629,0.0911
1578,1.026232,0.0915
1579,1.017094,0.0911
1580,1.013839,0.0881
1581,1.021193,0.0907
1582,1.027764,0.0908
1583,1.028388,0.0913
1584,1.016583,0.0911
1585,1.011714,0.0939
1586,0.996159,0.0901
1587,1.000160,0.0907
1588,1.010895,0.0910
1589,1.023350,0.0912
1590,1.021983,0.0915
1591,1.015587,0.0892
1592,1.024845,0.0910
1593,1.027128,0.0889
1594,1.038409,0.0903
1595,1.050734,0.0897
1596,1.055056,0.0913
1597,1.062537,0.0906
1598,1.060506,0.0917
1599,1.032994,0.0905
1600,1.048924,0.0915
1601,1.057032,0.0914
1602,1.065504,0.0931
1603,1.052302,0.0917
1604,1.058830,0.0904
1605,1.060555,0.0926
1606,1.049368,0.0907
1607,1.045951,0.0923
1608,1.054131,0.0932
1609,1.067079,0.0920
1610,1.056600,0.0916
1611,1.071914,0.0922
1612,1.058517,0.0940
1613,1.067424,0.0936
1614,1.063659,0.0919
1615,1.050916,0.0902
1616,1.052227,0.0927
1617,1.048836,0.0930
1618,1.036036,0.0927
1619,1.035317,0.0939
1620,1.034010,0.0942
1621,1.021199,0.0922
1622,1.014986,0.0920
1623,0.986078,0.0911
1624,0.995956,0.0953
1625,0.998793,0.0936
1626,1.001425,0.0901
1627,0.998977,0.0944
1628,1.001464,0.0929
1629,0.995993,0.0931
1630,0.987306,0.0942
1631,0.980957,0.0938
1632,1.010871,0.0942
1633,1.022793,0.0944
1634,1.028209,0.0930
1635,1.031637,0.0923
1636,1.021499,0.0956
1637,1.018524,0.0933
1638,1.015330,0.0925
1639,1.010136,0.0955
1640,1.016179,0.0933
1641,1.014330,0.0933
1642,1.014436,0.0943
1643,0.993295,0.0928
1644,1.000434,0.0926
1645,1.010901,0.0932
1646,1.012199,0.0940
1647,1.003945,0.0940
1648,0.991470,0.0928
1649,0.996147,0.0919
1650,0.992335,0.0921
1651,0.972061,0.0942
1652,1.007289,0.0924
1653,1.044125,0.0942
1654,1.072921,0.0931
1655,1.084392,0.0947
1656,1.100602,0.0900
1657,1.111393,0.0935
1658,1.119703,0.0925
1659,1.121448,0.0926
1660,1.117432,0.0933
1661,1.110548,0.0953
1662,1.115388,0.0946
1663,1.108133,0.0921
1664,1.100591,0.0929
1665,1.076644,0.0948
1666,1.075671,0.0927
1667,1.072828,0.0947
1668,1.069217,0.0928
1669,1.067556,0.0933
1670,1.050155,0.0932
1671,1.029733,0.0949
1672,1.021857,0.0928
1673,1.001379,0.0924
1674,1.009815,0.0946
1675,1.010167,0.0957
1676,1.016615,0.0928
1677,1.010222,0.0925
1678,1.010032,0.0939
1679,1.012075,0.0933
1680,1.012264,0.0931
1681,1.013771,0.0906
1682,1.013311,0.0948
1683,1.025400,0.0959
1684,1.035109,0.0928
1685,1.028721,0.0959
1686,1.032570,0.0952
1687,1.018661,0.0939
1688,1.000816,0.0961
1689,1.005766,0.0956
1690,1.002358,0.0972
1691,1.009022,0.0929
1692,1.006961,0.0955
1693,0.995651,0.0953
1694,0.995319,0.0949
1695,0.993543,0.0933
1696,0.989992,0.0938
1697,0.980455,0.0937
1698,0.969307,0.0935
1699,0.990663,0.0937
1700,1.007368,0.0935
1701,1.014061,0.0953
1702,1.017828,0.0951
1703,1.025775,0.0950
1704,1.028800,0.0955
1705,1.024577,0.0963
1706,1.020323,0.0959
1707,1.006723,0.0945
1708,1.016549,0.0953
1709,1.017351,0.0944
1710,1.010135,0.0946
1711,0.996669,0.0935
1712,0.984837,0.0949
1713,0.970148,0.0957
1714,0.972145,0.0946
1715,0.980675,0.0953
1716,0.996663,0.0937
1717,0.996314,0.0949
1718,0.993049,0.0947
1719,0.986281,0.0947
1720,0.979203,0.0959
1721,0.973944,0.0936
1722,0.973505,0.0954
1723,0.978347,0.0929
1724,0.993181,0.0970
1725,1.002046,0.0943
1726,0.998912,0.0983
1727,0.995655,0.0944
1728,0.992296,0.0952
1729,0.984390,0.0972
1730,0.983848,0.0943
1731,0.989287,0.0944
1732,0.972782,0.0978
1733,0.978866,0.0950
1734,0.981726,0.0952
1735,0.973326,0.0971
1736,0.974061,0.0979
1737,0.966261,0.0978
1738,0.966682,0.0973
1739,0.976928,0.0972
1740,0.969488,0.0940
1741,0.980202,0.0972
1742,0.986919,0.0946
1743,0.989339,0.0975
1744,0.997632,0.0936
1745,1.000717,0.0969
1746,1.009233,0.0983
1747,1.015100,0.0959
1748,1.019370,0.0955
1749,1.031326,0.0948
1750,1.027195,0.0970
1751,1.026111,0.0953
1752,1.008295,0.0944
1753,1.003169,0.0936
1754,0.989299,0.0952
1755,1.026041,0.0937
1756,1.036926,0.0941
1757,1.053880,0.0932
1758,1.064665,0.0937
1759,1.073188,0.0938
1760,1.054946,0.0925
1761,1.075126,0.0937
1762,1.081198,0.0941
1763,1.077098,0.0937
1764,1.064439,0.0949
1765,1.046860,0.0936
1766,1.045181,0.0957
1767,1.047800,0.0955
1768,1.038129,0.0940
1769,1.041905,0.0945
1770,1.022331,0.0939
1771,1.023587,0.0934
1772,1.027312,0.0953
1773,1.024830,0.0945
1774,1.021532,0.0923
1775,0.998464,0.0939
1776,0.980273,0.0934
1777,0.985631,0.0928
1778,0.975730,0.0934
1779,0.964125,0.0958
1780,0.961361,0.0949
1781,0.954113,0.0943
1782,0.947418,0.0936
1783,0.929490,0.0949
1784,0.924877,0.0946
1785,0.940038,0.0945
1786,0.952248,0.0934
1787,0.957926,0.0950
1788,0.967344,0.0948
1789,0.977370,0.0950
1790,0.975187,0.0946
1791,0.976931,0.0949
1792,0.966100,0.0950
1793,0.957550,0.0937
1794,0.962851,0.0950
1795,0.986153,0.0946
1796,1.010854,0.0947
1797,1.025702,0.0944
1798,1.021271,0.0939
1799,1.006454,0.0943
1800,0.979046,0.0944
1801,0.967151,0.0941
1802,0.964429,0.0943
1803,0.966768,0.0947
1804,0.975077,0.0946
1805,0.971461,0.0959
1806,1.007801,0.0936
1807,1.026661,0.0938
1808,1.033101,0.0962
1809,1.045987,0.0959
1810,1.058696,0.0941
1811,1.062587,0.0933
1812,1.067543,0.0952
1813,1.074416,0.0939
1814,1.065225,0.0939
1815,1.087963,0.0957
1816,1.114263,0.0935
1817,1.107659,0.0966
1818,1.128027,0.0950
1819,1.138713,0.0942
1820,1.141695,0.0956
1821,1.138591,0.0929
1822,1.118216,0.0962
1823,1.093855,0.0933
1824,1.073705,0.0936
1825,1.056932,0.0944
1826,1.041264,0.0942
1827,1.028923,0.0945
1828,1.016789,0.0956
1829,1.021357,0.0970
1830,1.019962,0.0950
1831,1.000160,0.0950
1832,1.018252,0.0967
1833,1.016153,0.0947
1834,0.984453,0.0927
1835,0.980432,0.0962
1836,0.971317,0.0978
1837,0.956266,0.0985
1838,0.953252,0.0950
1839,0.941244,0.0947
1840,0.945568,0.0940
1841,0.956991,0.0974
1842,0.957254,0.0976
1843,0.953545,0.0963
1844,0.946159,0.0957
1845,0.937620,0.0973
1846,0.925778,0.0955
1847,0.937070,0.0970
1848,0.946720,0.0958
1849,0.939204,0.0967
1850,0.953458,0.0961
1851,0.968211,0.0957
1852,0.967211,0.0953
1853,0.978149,0.0960
1854,0.974385,0.0986
1855,0.983801,0.0930
1856,0.970962,0.0965
1857,0.966952,0.0976
1858,0.964588,0.0955
1859,0.952899,0.0977
1860,0.951263,0.0961
1861,0.950864,0.0960
1862,0.942722,0.0961
1863,0.926131,0.0980
1864,0.964189,0.0956
1865,0.987891,0.0958
1866,0.989790,0.0951
1867,0.992556,0.0969
1868,1.013719,0.0951
1869,1.008260,0.0945
1870,1.016447,0.0951
1871,1.029847,0.0966
1872,1.033921,0.0960
1873,1.027563,0.0980
1874,1.023892,0.0976
1875,1.009405,0.0961
1876,0.986076,0.0964
1877,0.980143,0.0951
1878,0.975502,0.0985
1879,0.980284,0.0956
1880,0.970216,0.0968
1881,0.957163,0.0961
1882,0.950116,0.0948
1883,0.939955,0.0951
1884,0.935777,0.0966
1885,0.942045,0.0944
1886,0.932434,0.0951
1887,0.937956,0.0984
1888,0.936143,0.0969
1889,0.930039,0.0955
1890,0.919041,0.0956
1891,0.909464,0.0980
1892,0.899214,0.0963
1893,0.917088,0.0984
1894,0.941925,0.0953
1895,0.954091,0.0975
1896,0.959011,0.0976
1897,0.955901,0.0965
1898,0.940315,0.0977
1899,0.936370,0.0986
1900,0.939693,0.0980
1901,0.940786,0.0986
1902,0.920515,0.0958
1903,0.922905,0.0971
1904,0.929367,0.0961
1905,0.932225,0.0991
1906,0.932055,0.0956
1907,0.923251,0.0948
1908,0.917968,0.0982
1909,0.912256,0.0982
1910,0.908457,0.0976
1911,0.905242,0.0966
1912,0.899603,0.0966
1913,0.891372,0.0956
1914,0.887720,0.0968
1915,0.899506,0.0948
1916,0.906446,0.0950
1917,0.903153,0.0964
1918,0.907869,0.0988
1919,0.907429,0.0985
1920,0.900557,0.1000
1921,0.881751,0.0993
1922,0.873625,0.0998
1923,0.876854,0.0970
1924,0.876475,0.0983
1925,0.921042,0.0963
1926,0.937764,0.0967
1927,0.946056,0.0988
1928,0.953462,0.0977
1929,0.963398,0.0975
1930,0.970765,0.0991
1931,0.973296,0.0974
1932,0.971446,0.0964
1933,0.970441,0.0962
1934,0.967530,0.0964
1935,0.963122,0.0986
1936,0.949104,0.0962
1937,0.939193,0.0964
1938,0.937370,0.0978
1939,0.933125,0.0986
1940,0.933280,0.0988
1941,0.905778,0.0978
1942,0.929611,0.0952
1943,0.932067,0.0947
1944,0.927276,0.0984
1945,0.930818,0.0951
1946,0.924886,0.0951
1947,0.916548,0.0978
1948,0.912511,0.0981
1949,0.892423,0.0979
1950,0.891004,0.0984
1951,0.868412,0.0980
1952,0.857264,0.0991
1953,0.859827,0.0986
1954,0.880926,0.0962
1955,0.891939,0.0998
1956,0.905613,0.0988
1957,0.907040,0.0961
1958,0.909935,0.0982
1959,0.904640,0.0962
1960,0.898529,0.0958
1961,0.881426,0.0986
1962,0.865416,0.0965
1963,0.856924,0.0956
1964,0.841813,0.0943
1965,0.883081,0.0970
1966,0.901243,0.0964
1967,0.908920,0.0934
1968,0.913573,0.0937
1969,0.915626,0.0954
1970,0.911581,0.0963
1971,0.912575,0.0953
1972,0.913861,0.0964
1973,0.933049,0.0956
1974,0.944619,0.0997
1975,0.937662,0.0978
1976,0.925250,0.0968
1977,0.915208,0.0968
1978,0.919141,0.0975
1979,0.929208,0.0987
1980,0.921352,0.0959
1981,0.913868,0.0962
1982,0.920848,0.0985
1983,0.911976,0.0987
1984,0.898884,0.0989
1985,0.902566,0.0965
1986,0.901082,0.0962
1987,0.900801,0.0968
1988,0.899348,0.0959
1989,0.894606,0.0989
1990,0.879405,0.0998
1991,0.862654,0.0967
1992,0.875241,0.0980
1993,0.874918,0.0986
1994,0.866803,0.0991
1995,0.868453,0.0991
1996,0.872454,0.0977
1997,0.859693,0.0977
1998,0.850161,0.0972
1999,0.836113,0.0982
2000,0.824635,0.0999
2001,0.839573,0.0977
2002,0.842854,0.0966
2003,0.837778,0.0968
2004,0.868841,0.0966
2005,0.880660,0.0999
2006,0.895771,0.0961
2007,0.912221,0.0960
2008,0.919199,0.0961
2009,0.918913,0.0946
2010,0.918745,0.0962
2011,0.913134,0.0991
2012,0.907037,0.0983
2013,0.901178,0.0987
2014,0.912324,0.0966
2015,0.906996,0.0947
2016,0.905421,0.0955
2017,0.899590,0.0971
2018,0.901637,0.0985
2019,0.894438,0.0966
2020,0.890950,0.0988
2021,0.890877,0.0965
2022,0.889392,0.0986
2023,0.884858,0.0988
2024,0.879734,0.0978
2025,0.890382,0.0982
2026,0.893960,0.1000
2027,0.891666,0.0971
2028,0.902932,0.0985
2029,0.906547,0.0963
2030,0.907998,0.0964
2031,0.903728,0.0979
2032,0.899375,0.0987
2033,0.891579,0.0977
2034,0.886826,0.0967
2035,0.878051,0.0979
2036,0.885196,0.0973
2037,0.891059,0.0964
2038,0.901841,0.0977
2039,0.920912,0.0979
2040,0.920406,0.0986
2041,0.909663,0.0957
2042,0.915698,0.0964
2043,0.928652,0.0940
2044,0.922723,0.0958
2045,0.915974,0.0960
2046,0.910758,0.0973
2047,0.901362,0.0966
2048,0.904017,0.0976
2049,0.889930,0.0972
2050,0.902094,0.0964
2051,0.901976,0.0955
2052,0.913943,0.0967
2053,0.936981,0.0997
2054,0.961567,0.0953
2055,0.974965,0.0987
2056,0.984408,0.1006
2057,0.985133,0.0957
2058,0.979860,0.0975
2059,0.977169,0.0962
2060,0.963605,0.0969
2061,0.944110,0.0990
2062,0.947959,0.0944
2063,0.945638,0.0970
2064,0.945436,0.0985
2065,0.956574,0.0987
2066,0.943585,0.0980
2067,0.949772,0.0943
2068,0.950608,0.0961
2069,0.940913,0.0980
2070,0.926007,0.0959
2071,0.929407,0.0965
2072,0.917499,0.0950
2073,0.907818,0.0974
2074,0.900442,0.0972
2075,0.887777,0.0968
2076,0.875021,0.0993
2077,0.886656,0.0979
2078,0.902333,0.0964
2079,0.915388,0.0964
2080,0.927097,0.0960
2081,0.934616,0.0966
2082,0.928720,0.0966
2083,0.937532,0.0943
2084,0.945762,0.0958
2085,0.946850,0.0981
2086,0.937112,0.0967
2087,0.922941,0.0999
2088,0.903117,0.0976
2089,0.883954,0.0994
2090,0.895825,0.0971
2091,0.891558,0.0979
2092,0.882938,0.0969
2093,0.867286,0.0962
2094,0.869974,0.0979
2095,0.875856,0.0938
2096,0.882599,0.0952
2097,0.889440,0.0958
2098,0.880098,0.0958
2099,0.887465,0.0973
2100,0.888439,0.0963
2101,0.878573,0.0961
2102,0.878062,0.0971
2103,0.883031,0.0965
2104,0.879384,0.0984
2105,0.881007,0.0964
2106,0.874307,0.0957
2107,0.858271,0.0974
2108,0.854679,0.0957
2109,0.849248,0.0970
2110,0.865182,0.0974
2111,0.863686,0.1004
2112,0.866279,0.0970
2113,0.871016,0.0976
2114,0.864787,0.0977
2115,0.851139,0.0963
2116,0.836581,0.0979
2117,0.820653,0.0955
2118,0.848838,0.0960
2119,0.865333,0.0957
2120,0.874622,0.0960
2121,0.883064,0.0964
2122,0.871567,0.0945
2123,0.872785,0.0958
2124,0.881080,0.0991
2125,0.885937,0.0966
2126,0.881566,0.0958
2127,0.876548,0.0971
2128,0.867518,0.0967
2129,0.856782,0.0994
2130,0.851439,0.0973
2131,0.846465,0.0979
2132,0.835971,0.0969
2133,0.829991,0.0972
2134,0.825312,0.0965
2135,0.812232,0.0979
2136,0.827584,0.0964
2137,0.832421,0.0973
2138,0.833466,0.0948
2139,0.838130,0.0987
2140,0.835709,0.0957
2141,0.846461,0.0962
2142,0.855320,0.0965
2143,0.859461,0.0973
2144,0.851056,0.0980
2145,0.861022,0.0971
2146,0.854003,0.0977
2147,0.854553,0.0981
2148,0.856195,0.0963
2149,0.867071,0.0953
2150,0.867938,0.0968
2151,0.858243,0.0946
2152,0.840264,0.0980
2153,0.824760,0.0974
2154,0.826829,0.0961
2155,0.836732,0.0968
2156,0.840828,0.0969
2157,0.841945,0.0971
2158,0.840283,0.0989
2159,0.843521,0.1002
2160,0.844616,0.0978
2161,0.837608,0.0958
2162,0.835375,0.0970
2163,0.837689,0.0966
2164,0.846475,0.0967
2165,0.841595,0.0964
2166,0.829957,0.0969
2167,0.823494,0.0966
2168,0.823243,0.0964
2169,0.837808,0.0960
2170,0.844799,0.1015
2171,0.843572,0.0985
2172,0.839461,0.0971
2173,0.845977,0.0991
2174,0.840953,0.0984
2175,0.817607,0.0955
2176,0.850217,0.0972
2177,0.867340,0.0984
2178,0.879829,0.0999
2179,0.890869,0.0997
2180,0.893004,0.0993
2181,0.894850,0.0964
2182,0.893614,0.0972
2183,0.889959,0.0981
2184,0.893286,0.0992
2185,0.896219,0.1000
2186,0.887516,0.0961
2187,0.906425,0.0969
2188,0.910626,0.0973
2189,0.894986,0.0987
2190,0.900369,0.0979
2191,0.889912,0.0960
2192,0.895492,0.1001
2193,0.893061,0.0968
2194,0.892167,0.0987
2195,0.877472,0.0968
2196,0.881509,0.0963
2197,0.876980,0.1010
2198,0.888337,0.0988
2199,0.887009,0.0986
2200,0.889728,0.0970
2201,0.884748,0.0973
2202,0.878580,0.0994
2203,0.870057,0.0964
2204,0.860857,0.0971
2205,0.842071,0.0975
2206,0.836014,0.0980
2207,0.852030,0.0981
2208,0.860666,0.0959
2209,0.879803,0.0964
2210,0.877958,0.0967
2211,0.876632,0.0977
2212,0.873121,0.0982
2213,0.857800,0.0958
2214,0.838350,0.0981
2215,0.818105,0.0973
2216,0.831129,0.0959
2217,0.853804,0.0968
2218,0.860602,0.0973
2219,0.853068,0.0980
2220,0.852719,0.0989
2221,0.846295,0.1011
2222,0.833461,0.0966
2223,0.808615,0.0965
2224,0.796149,0.0987
2225,0.797168,0.0983
2226,0.821495,0.0996
2227,0.834926,0.0943
2228,0.835022,0.0971
2229,0.835748,0.0968
2230,0.823929,0.0973
2231,0.828669,0.0968
2232,0.837634,0.0972
2233,0.845864,0.1003
2234,0.854694,0.0981
2235,0.853301,0.0998
2236,0.847447,0.0956
2237,0.845541,0.0970
2238,0.847216,0.0953
2239,0.847952,0.0975
2240,0.856897,0.0958
2241,0.854852,0.0976
2242,0.842813,0.0975
2243,0.839166,0.0971
2244,0.826180,0.0940
2245,0.817334,0.0965
2246,0.820823,0.0989
2247,0.832120,0.0956
2248,0.846077,0.0979
2249,0.847165,0.0976
2250,0.841791,0.0966
2251,0.841259,0.0964
2252,0.838773,0.0997
2253,0.832056,0.0984
2254,0.855896,0.0970
2255,0.873150,0.0998
2256,0.880302,0.0982
2257,0.881460,0.0980
2258,0.874725,0.1004
2259,0.861228,0.0958
2260,0.847926,0.0978
2261,0.849593,0.0972
2262,0.851783,0.0992
2263,0.844895,0.0974
2264,0.835164,0.0974
2265,0.831731,0.0952
2266,0.833616,0.0980
2267,0.837503,0.0967
2268,0.842854,0.0985
2269,0.840707,0.0971
2270,0.835848,0.0982
2271,0.828463,0.0961
2272,0.814792,0.0972
2273,0.821578,0.0953
2274,0.845961,0.0969
2275,0.852390,0.0977
2276,0.855401,0.0991
2277,0.854236,0.0977
2278,0.869327,0.0964
2279,0.900978,0.1003
2280,0.916201,0.0968
2281,0.918687,0.0966
2282,0.939927,0.0972
2283,0.959236,0.0975
2284,0.965744,0.0973
2285,0.959490,0.0991
2286,0.954772,0.0971
2287,0.939431,0.0959
2288,0.942375,0.0978
2289,0.928878,0.0990
2290,0.918120,0.0991
2291,0.904830,0.1009
2292,0.900979,0.0985
2293,0.893725,0.0993
2294,0.881545,0.1000
2295,0.879184,0.0978
2296,0.881565,0.0982
2297,0.881555,0.0966
2298,0.886766,0.0980
2299,0.877144,0.0954
2300,0.863114,0.0993
2301,0.836985,0.1000
2302,0.819530,0.0990
2303,0.810938,0.0968
2304,0.817592,0.0977
2305,0.820589,0.0970
2306,0.827107,0.0969
2307,0.820202,0.0985
2308,0.816924,0.0956
2309,0.812043,0.0959
2310,0.806297,0.0995
2311,0.803808,0.0983
2312,0.817218,0.0960
2313,0.806555,0.0974
2314,0.809785,0.0980
2315,0.808151,0.0987
2316,0.817913,0.0963
2317,0.821912,0.0984
2318,0.820313,0.0983
2319,0.837420,0.0989
2320,0.844203,0.0956
2321,0.849849,0.0984
2322,0.846985,0.0963
2323,0.836392,0.0975
2324,0.818346,0.0982
2325,0.810822,0.0988
2326,0.816468,0.0962
2327,0.817621,0.0966
2328,0.816434,0.0949
2329,0.819995,0.0984
2330,0.814705,0.0975
2331,0.837271,0.0971
2332,0.846694,0.0971
2333,0.844948,0.0977
2334,0.836885,0.0979
2335,0.822077,0.0989
2336,0.810691,0.0976
2337,0.807731,0.0981
2338,0.807934,0.0972
2339,0.809067,0.0977
2340,0.811964,0.0974
2341,0.811210,0.0987
2342,0.814681,0.0976
2343,0.809006,0.0987
2344,0.789034,0.0979
2345,0.782120,0.0985
2346,0.798125,0.0973
2347,0.806232,0.0977
2348,0.802549,0.1001
2349,0.791125,0.0976
2350,0.787045,0.0981
2351,0.790698,0.0973
2352,0.794510,0.0970
2353,0.791259,0.0980
2354,0.783699,0.0976
2355,0.791732,0.0978
2356,0.785385,0.0992
2357,0.792671,0.0991
2358,0.796253,0.0985
2359,0.801225,0.0989
2360,0.804457,0.0984
2361,0.803067,0.1000
2362,0.792894,0.0990
2363,0.776089,0.0988
2364,0.788216,0.0965
2365,0.801906,0.0978
2366,0.812414,0.0977
2367,0.825413,0.0978
2368,0.826728,0.0986
2369,0.820693,0.0986
2370,0.814750,0.0985
2371,0.803332,0.0966
2372,0.816357,0.0985
2373,0.822864,0.0975
2374,0.832955,0.0975
2375,0.830165,0.0974
2376,0.824692,0.0975
2377,0.822361,0.0987
2378,0.818207,0.0994
2379,0.812947,0.0990
2380,0.806757,0.0972
2381,0.797143,0.0975
2382,0.791603,0.0992
2383,0.793494,0.0967
2384,0.781084,0.0978
2385,0.783126,0.0987
2386,0.784691,0.0986
2387,0.785275,0.1001
2388,0.795122,0.0989
2389,0.803586,0.0982
2390,0.803605,0.0981
2391,0.807104,0.0988
2392,0.799595,0.0992
2393,0.791129,0.0988
2394,0.775808,0.0989
2395,0.773804,0.0987
2396,0.822547,0.0993
2397,0.845384,0.0994
2398,0.858766,0.0989
2399,0.856565,0.0994
2400,0.852513,0.0989
2401,0.844099,0.0967
2402,0.841509,0.0990
2403,0.849814,0.0985
2404,0.864978,0.0998
2405,0.873429,0.0987
2406,0.876906,0.0982
2407,0.868291,0.0991
2408,0.857576,0.0982
2409,0.854179,0.0972
2410,0.852198,0.0993
2411,0.861404,0.0964
2412,0.863920,0.0978
2413,0.857194,0.0963
2414,0.836079,0.0973
2415,0.830958,0.0973
2416,0.819679,0.0964
2417,0.813063,0.0978
2418,0.808200,0.0961
2419,0.803241,0.0963
2420,0.809425,0.0996
2421,0.804826,0.0965
2422,0.800686,0.0985
2423,0.809542,0.0960
2424,0.830406,0.1003
2425,0.833808,0.1006
2426,0.832370,0.1006
2427,0.830904,0.0984
2428,0.821012,0.1017
2429,0.808988,0.1009
2430,0.806694,0.0996
2431,0.808899,0.0967
2432,0.804882,0.1001
2433,0.818796,0.1002
2434,0.835068,0.1006
2435,0.842435,0.0995
2436,0.837731,0.0998
2437,0.825608,0.0991
2438,0.806214,0.1016
2439,0.812608,0.1004
2440,0.833829,0.0996
2441,0.846861,0.0978
2442,0.845806,0.0987
2443,0.835743,0.1016
2444,0.836887,0.0997
2445,0.853548,0.0982
2446,0.861486,0.0992
2447,0.845092,0.1000
2448,0.834501,0.1022
2449,0.825169,0.1004
2450,0.819359,0.1005
2451,0.810215,0.0995
2452,0.820716,0.1011
2453,0.829488,0.1023
2454,0.817711,0.0982
2455,0.819000,0.0989
2456,0.821392,0.0982
2457,0.811834,0.1013
2458,0.822061,0.1025
2459,0.828578,0.0983
2460,0.829388,0.0998
2461,0.820246,0.1001
2462,0.815962,0.1019
2463,0.803378,0.1001
2464,0.785642,0.1017
2465,0.788083,0.0991
2466,0.791338,0.0987
2467,0.789268,0.1034
2468,0.778931,0.1015
2469,0.774097,0.0981
2470,0.780928,0.1024
2471,0.790186,0.0997
2472,0.803048,0.1016
2473,0.801975,0.1021
2474,0.790627,0.1027
2475,0.781803,0.0999
2476,0.779967,0.1021
2477,0.773423,0.1000
2478,0.769328,0.0993
2479,0.781839,0.1009
2480,0.781616,0.1026
2481,0.789492,0.0995
2482,0.789865,0.1014
2483,0.788873,0.1010
2484,0.803652,0.1004
2485,0.808237,0.0978
2486,0.805624,0.1005
2487,0.797499,0.0996
2488,0.795788,0.0974
2489,0.792216,0.0996
2490,0.774663,0.1002
2491,0.768523,0.0988
2492,0.776140,0.0977
2493,0.795377,0.0998
2494,0.808288,0.1010
2495,0.812768,0.0987
2496,0.806783,0.0973
2497,0.795115,0.0961
2498,0.782122,0.1008
2499,0.788855,0.1004
2500,0.783341,0.0967
2501,0.791867,0.0980
2502,0.788005,0.0999
2503,0.781143,0.1011
2504,0.775176,0.0993
2505,0.774055,0.0996
2506,0.770543,0.0983
2507,0.768235,0.0994
2508,0.763302,0.0980
2509,0.757661,0.0991
2510,0.770323,0.0963
2511,0.771062,0.0997
2512,0.772611,0.0984
2513,0.764902,0.0990
2514,0.766057,0.0989
2515,0.765248,0.0991
2516,0.759097,0.0967
2517,0.763419,0.0972
2518,0.766965,0.0987
2519,0.768404,0.0981
2520,0.768003,0.1010
2521,0.767748,0.0983
2522,0.779209,0.0993
2523,0.787049,0.0963
2524,0.786946,0.1019
2525,0.788040,0.0996
2526,0.783608,0.0975
2527,0.789519,0.0991
2528,0.804958,0.0999
2529,0.807089,0.0985
2530,0.809870,0.0998
2531,0.802947,0.0966
2532,0.794651,0.0977
2533,0.798715,0.1010
2534,0.795734,0.0979
2535,0.813663,0.0985
2536,0.818119,0.0977
2537,0.822069,0.1006
2538,0.826957,0.1025
2539,0.834190,0.0994
2540,0.827131,0.0978
2541,0.843494,0.1019
2542,0.844417,0.1006
2543,0.841716,0.0990
2544,0.844609,0.1021
2545,0.842210,0.0999
2546,0.845561,0.0994
2547,0.835098,0.1007
2548,0.820275,0.0982
2549,0.816651,0.0984
2550,0.805557,0.0996
2551,0.795368,0.1008
2552,0.788397,0.0987
2553,0.792398,0.0988
2554,0.795191,0.1018
2555,0.789476,0.1010
2556,0.793410,0.0986
2557,0.794562,0.0991
2558,0.795489,0.0975
2559,0.790642,0.0982
2560,0.779993,0.0978
2561,0.770124,0.0974
2562,0.764021,0.0977
2563,0.770757,0.1008
2564,0.781491,0.0968
2565,0.777934,0.0987
2566,0.781541,0.0980
2567,0.789349,0.0981
2568,0.789278,0.1008
2569,0.786230,0.0981
2570,0.775454,0.0973
2571,0.815820,0.0972
2572,0.858814,0.0968
2573,0.888508,0.1041
2574,0.900261,0.1007
2575,0.901667,0.0984
2576,0.900118,0.1027
2577,0.909300,0.0974
2578,0.913829,0.0975
2579,0.905560,0.0988
2580,0.914186,0.0999
2581,0.911969,0.0992
2582,0.905446,0.1022
2583,0.895797,0.1007
2584,0.868024,0.0988
2585,0.863280,0.1023
2586,0.853509,0.0990
2587,0.844541,0.0984
2588,0.832172,0.0985
2589,0.827475,0.0977
2590,0.828250,0.0980
2591,0.824119,0.0997
2592,0.818322,0.0986
2593,0.819490,0.1031
2594,0.814297,0.0982
2595,0.803318,0.0974
2596,0.791948,0.0980
2597,0.777933,0.1002
2598,0.763684,0.0996
2599,0.764988,0.0973
2600,0.773953,0.0964
2601,0.783601,0.1023
2602,0.782782,0.1008
2603,0.776258,0.0994
2604,0.775032,0.0994
2605,0.770076,0.0979
2606,0.786715,0.0988
2607,0.789754,0.0974
2608,0.789310,0.1009
2609,0.797578,0.1027
2610,0.806113,0.0997
2611,0.803242,0.0988
2612,0.815535,0.0971
2613,0.830595,0.1012
2614,0.832403,0.0996
2615,0.830146,0.0968
2616,0.823814,0.1010
2617,0.815683,0.0980
2618,0.796344,0.0976
2619,0.786481,0.0982
2620,0.775577,0.0997
2621,0.781024,0.0970
2622,0.780348,0.0986
2623,0.762637,0.1021
2624,0.761853,0.0988
2625,0.753788,0.0984
2626,0.774747,0.0973
2627,0.783843,0.0991
2628,0.780766,0.1007
2629,0.773505,0.0989
2630,0.759388,0.0989
2631,0.749009,0.0980
2632,0.740273,0.0997
2633,0.735639,0.0985
2634,0.735853,0.0993
2635,0.754486,0.0973
2636,0.767468,0.1021
2637,0.777791,0.0997
2638,0.773239,0.1015
2639,0.766318,0.1023
2640,0.771273,0.1002
2641,0.774800,0.0988
2642,0.772544,0.0980
2643,0.767912,0.1000
2644,0.775273,0.0992
2645,0.782514,0.1003
2646,0.779835,0.0994
2647,0.801764,0.0992
2648,0.804242,0.0991
2649,0.813293,0.0993
2650,0.809929,0.0986
2651,0.808244,0.0981
2652,0.802133,0.0992
2653,0.785986,0.0993
2654,0.784903,0.0980
2655,0.782263,0.0999
2656,0.776669,0.0993
2657,0.765442,0.1026
2658,0.755721,0.0983
2659,0.744084,0.0993
2660,0.738764,0.0992
2661,0.754394,0.0991
2662,0.755435,0.0981
2663,0.752558,0.0989
2664,0.745039,0.0987
2665,0.751018,0.1018
2666,0.753037,0.0994
2667,0.749739,0.0982
2668,0.741611,0.0990
2669,0.757004,0.0969
2670,0.763985,0.0982
2671,0.768954,0.0985
2672,0.774028,0.0976
2673,0.781220,0.0982
2674,0.782608,0.0984
2675,0.783740,0.0994
2676,0.773692,0.0963
2677,0.766363,0.0974
2678,0.758714,0.0972
2679,0.761864,0.0969
2680,0.768843,0.1008
2681,0.765939,0.0979
2682,0.767321,0.0969
2683,0.770502,0.0977
2684,0.763031,0.0987
2685,0.752048,0.0991
2686,0.747314,0.0981
2687,0.739377,0.0987
2688,0.735601,0.0975
2689,0.730105,0.0993
2690,0.736399,0.0990
2691,0.747288,0.1007
2692,0.751918,0.0966
2693,0.748444,0.0972
2694,0.750906,0.0967
2695,0.762555,0.0979
2696,0.757698,0.0984
2697,0.764745,0.0988
2698,0.760948,0.0983
2699,0.738968,0.0983
2700,0.742498,0.0984
2701,0.749930,0.0998
2702,0.750150,0.0966
2703,0.750386,0.0970
2704,0.733523,0.0986
2705,0.746871,0.0997
2706,0.743055,0.0979
2707,0.751507,0.0976
2708,0.753860,0.0981
2709,0.743039,0.0977
2710,0.735539,0.0977
2711,0.720902,0.1002
2712,0.709239,0.0997
2713,0.708088,0.1011
2714,0.711135,0.1007
2715,0.721414,0.0980
2716,0.733048,0.0990
2717,0.738966,0.1005
2718,0.746419,0.0983
2719,0.750260,0.1008
2720,0.748951,0.0998
2721,0.742477,0.0995
2722,0.740264,0.1002
2723,0.724019,0.1003
2724,0.717410,0.0990
2725,0.739245,0.1011
2726,0.751568,0.1006
2727,0.755802,0.0974
2728,0.756901,0.1005
2729,0.749513,0.1009
2730,0.746671,0.1009
2731,0.739202,0.0983
2732,0.748053,0.1020
2733,0.750710,0.0981
2734,0.752914,0.0998
2735,0.754801,0.1026
2736,0.755627,0.0982
2737,0.748856,0.0986
2738,0.739142,0.0968
2739,0.736560,0.0981
2740,0.727495,0.0988
2741,0.716662,0.0974
2742,0.701646,0.1023
2743,0.711852,0.0985
2744,0.716523,0.0996
2745,0.728136,0.0977
2746,0.728559,0.0973
2747,0.730520,0.0988
2748,0.741514,0.1002
2749,0.750869,0.1000
2750,0.744539,0.0997
2751,0.735921,0.0998
2752,0.733220,0.0998
2753,0.725897,0.0996
2754,0.718596,0.1023
2755,0.723732,0.0970
2756,0.730905,0.1015
2757,0.729292,0.1002
2758,0.724688,0.0989
2759,0.718775,0.1010
2760,0.730226,0.0976
2761,0.734065,0.0993
2762,0.739154,0.1023
2763,0.735494,0.0985
2764,0.737983,0.0985
2765,0.731718,0.0982
2766,0.752184,0.1026
2767,0.771195,0.1016
2768,0.789655,0.1020
2769,0.794830,0.1015
2770,0.788089,0.1003
2771,0.772507,0.0999
2772,0.764566,0.0986
2773,0.766669,0.0981
2774,0.764040,0.0986
2775,0.750477,0.0998
2776,0.721137,0.1025
2777,0.747519,0.0987
2778,0.760512,0.0987
2779,0.773773,0.1001
2780,0.784364,0.1003
2781,0.796352,0.1001
2782,0.807401,0.0982
2783,0.807821,0.1007
2784,0.813334,0.1011
2785,0.804986,0.1001
2786,0.801037,0.0989
2787,0.793863,0.1028
2788,0.780172,0.0997
2789,0.797192,0.0998
2790,0.798149,0.1026
2791,0.795770,0.0990
2792,0.798818,0.0993
2793,0.791083,0.0994
2794,0.791438,0.0990
2795,0.800337,0.0998
2796,0.794776,0.1013
2797,0.782315,0.1004
2798,0.771996,0.1001
2799,0.764488,0.1020
2800,0.760769,0.1045
2801,0.761036,0.1023
2802,0.768960,0.1013
2803,0.787837,0.0984
2804,0.797059,0.0999
2805,0.796509,0.1002
2806,0.798857,0.0972
2807,0.809046,0.1001
2808,0.819626,0.0993
2809,0.820723,0.0982
2810,0.815130,0.1007
2811,0.798565,0.0979
2812,0.773716,0.0997
2813,0.758773,0.1004
2814,0.779340,0.1003
2815,0.807659,0.1002
2816,0.827587,0.0980
2817,0.833527,0.0985
2818,0.816985,0.0987
2819,0.790960,0.0985
2820,0.760582,0.0980
2821,0.775023,0.0980
2822,0.791304,0.0992
2823,0.804505,0.1005
2824,0.812540,0.1002
2825,0.811465,0.0976
2826,0.790575,0.1011
2827,0.771448,0.1020
2828,0.768200,0.0981
2829,0.772715,0.0991
2830,0.777458,0.0985
2831,0.807100,0.1025
2832,0.821069,0.0988
2833,0.822985,0.1015
2834,0.795326,0.1006
2835,0.758839,0.1003
2836,0.789907,0.1018
2837,0.795489,0.0984
2838,0.824778,0.1001
2839,0.849364,0.1010
2840,0.848839,0.1011
2841,0.852434,0.0981
2842,0.837765,0.1014
2843,0.837027,0.1026
2844,0.835372,0.0995
2845,0.831612,0.1026
2846,0.803765,0.0991
2847,0.817736,0.0994
2848,0.814898,0.0962
2849,0.851569,0.0983
2850,0.876808,0.0986
2851,0.885388,0.1006
2852,0.899782,0.0970
2853,0.905921,0.0985
2854,0.906590,0.0993
2855,0.891508,0.0965
2856,0.884724,0.0984
2857,0.879617,0.0977
2858,0.866453,0.0998
2859,0.851602,0.0984
2860,0.824770,0.0993
2861,0.820475,0.0963
2862,0.824830,0.1008
2863,0.818154,0.0981
2864,0.828800,0.0983
2865,0.819155,0.0977
2866,0.796508,0.0995
2867,0.804439,0.0986
2868,0.797711,0.0982
2869,0.792879,0.0979
2870,0.799857,0.0976
2871,0.801205,0.0986
2872,0.792713,0.0993
2873,0.780556,0.0982
2874,0.773318,0.1012
2875,0.764079,0.0972
2876,0.751393,0.0989
2877,0.749342,0.0995
2878,0.749552,0.0994
2879,0.750891,0.0987
2880,0.754345,0.0976
2881,0.751305,0.0993
2882,0.739270,0.0981
2883,0.756855,0.0982
2884,0.773719,0.0992
2885,0.788816,0.1005
2886,0.797725,0.0975
2887,0.808200,0.0986
2888,0.800835,0.0972
2889,0.801126,0.1003
2890,0.790665,0.1012
2891,0.775401,0.1040
2892,0.758491,0.0986
2893,0.743525,0.0992
2894,0.740143,0.1004
2895,0.746926,0.0988
2896,0.757166,0.0987
2897,0.766569,0.1006
2898,0.762713,0.1012
2899,0.766578,0.1029
2900,0.761761,0.1002
2901,0.754216,0.1024
2902,0.735188,0.1029
2903,0.717994,0.0993
2904,0.730814,0.0998
2905,0.741172,0.1041
2906,0.751278,0.0999
2907,0.758863,0.1022
2908,0.760202,0.1035
2909,0.752154,0.1003
2910,0.748853,0.1002
2911,0.731597,0.1033
2912,0.743160,0.0999
2913,0.759532,0.1000
2914,0.771403,0.1004
2915,0.770739,0.0981
2916,0.769191,0.0989
2917,0.756071,0.0994
2918,0.749383,0.0998
2919,0.749107,0.0998
2920,0.747409,0.0996
2921,0.733533,0.0979
2922,0.715068,0.0975
2923,0.706111,0.0994
2924,0.720417,0.0979
2925,0.736828,0.0987
2926,0.751302,0.0999
2927,0.745474,0.0991
2928,0.748730,0.1009
2929,0.744872,0.1016
2930,0.747724,0.0988
2931,0.752309,0.0986
2932,0.752837,0.1005
2933,0.735625,0.0989
2934,0.744550,0.0992
2935,0.763997,0.0990
2936,0.779364,0.0960
2937,0.776299,0.0977
2938,0.774763,0.0977
2939,0.777867,0.1023
2940,0.784015,0.0996
2941,0.780991,0.0971
2942,0.767680,0.0977
2943,0.756190,0.0973
2944,0.742936,0.0978
2945,0.727357,0.0997
2946,0.710383,0.0990
2947,0.734643,0.0994
2948,0.746115,0.1003
2949,0.748342,0.0982
2950,0.761004,0.0966
2951,0.760316,0.0969
2952,0.762565,0.0969
2953,0.766808,0.0977
2954,0.768780,0.0973
2955,0.769828,0.0988
2956,0.764457,0.0962
2957,0.765284,0.0984
2958,0.758551,0.0980
2959,0.760474,0.0983
2960,0.755100,0.0970
2961,0.750524,0.0965
2962,0.745070,0.0967
2963,0.738533,0.0983
2964,0.740564,0.0998
2965,0.738212,0.1010
2966,0.741090,0.0980
2967,0.747584,0.0975
2968,0.751791,0.0988
2969,0.758381,0.0994
2970,0.753517,0.0987
2971,0.745470,0.0987
2972,0.733173,0.0999
2973,0.719180,0.0995
2974,0.702074,0.0981
2975,0.701008,0.0980
2976,0.700766,0.0992
2977,0.697403,0.0983
2978,0.691614,0.0984
2979,0.682042,0.0981
2980,0.675193,0.0971
2981,0.663846,0.0985
2982,0.655474,0.0975
2983,0.653382,0.0984
2984,0.647193,0.1010
2985,0.650711,0.0976
2986,0.657133,0.0990
2987,0.656155,0.0984
2988,0.656471,0.1002
2989,0.647526,0.0999
2990,0.640818,0.0979
2991,0.639188,0.0967
2992,0.635410,0.0985
2993,0.629707,0.0985
2994,0.629377,0.0969
2995,0.654440,0.0981
2996,0.669205,0.0984
2997,0.677364,0.0980
2998,0.676535,0.0986
2999,0.678758,0.0987
3000,0.685538,0.0973
